Model,Mean_Accuracy,Std_Accuracy,Mean_F1_Weighted,Std_F1_Weighted,Mean_F1_Macro,Std_F1_Macro
k-NN (k=3),0.6884210526315788,0.0283234190464709,0.6812119779571557,0.0273512129040261,0.543710567616024,0.0118428913015945
k-NN (k=5),0.6494736842105262,0.0291333736907327,0.637031650025804,0.0291072579288601,0.4925940792067399,0.0316623618195749
k-NN (k=7),0.634736842105263,0.0206809291625142,0.6196454494661414,0.0207210891400042,0.4786119057640386,0.0319583949743888
k-NN (k=9),0.6021052631578947,0.0236783618509515,0.5838247117945423,0.0214404114497229,0.4359695117819617,0.0373216968926221
Naive Bayes,0.3726315789473684,0.03742397649396036,0.37318129337887773,0.031287922291321664,0.30670336271835363,0.058048286563959814
