Model,Train_RMSE,Train_MAE,Train_R2,Test_RMSE,Test_MAE,Test_R2
Linear Regression,4.031700796247299,3.3019467435700385,0.4568955482915294,3.891470287177923,3.3822476150298946,0.4667710043754229
"Linear Regression (K-Fold CV, K=5)",4.069230903155427,3.3379209302508857,0.4394572266953679,0.10651301397664319,0.05339966451936999,0.016296031046410992
