Model,Train_RMSE,Train_MAE,Train_R2,Test_RMSE,Test_MAE,Test_R2
Linear Regression,4.031700796247299,3.3019467435700385,0.45689554829152945,3.891470287177923,3.3822476150298946,0.46677100437542296
