Model,Train_RMSE,Train_MAE,Train_R2,Test_RMSE,Test_MAE,Test_R2,Mean_RMSE,Mean_MAE,Mean_R2,Std_RMSE,Std_MAE,Std_R2
Linear Regression,4.031700796247299,3.3019467435700385,0.4568955482915294,3.891470287177923,3.3822476150298946,0.4667710043754229,,,,,,
"Linear Regression (K-Fold CV, K=5)",,,,,,,4.069230903155427,3.3379209302508857,0.4394572266953679,0.1065130139766431,0.0533996645193699,0.0162960310464109
"Polynomial Regression (deg=2, K-Fold CV, K=5)",,,,,,,3.593530521222813,2.4488406549873813,0.5421180778384993,0.7493479782001858,0.1402174526785626,0.214579974464013
"Polynomial Regression (deg=3, K-Fold CV, K=5)",,,,,,,6.769511913800318,2.762655350257569,-0.8463605623636449,2.953106852200912,0.3517172467076755,1.502558764300714
