Optimizer,Accuracy,F1_Weighted,Epochs,Train_Loss,Val_Loss
SGD,0.6631578947368421,0.6515128663975462,72,0.8952715992927551,1.1976640224456787
Adam,0.6526315789473685,0.6358818181309995,100,0.8959283232688904,1.1842132806777954
RMSprop,0.6157894736842106,0.6001575757873842,100,0.8571609258651733,1.062025547027588
Adagrad,0.5736842105263158,0.543773508622633,100,1.2441853284835815,1.4268416166305542
